path,text,trans,count
/content,個,个,55
/content,あと,还有,30
/content,本日,今天,30
/content,騎空団,骑空团,30
/content,ヘルプへ,帮助,30
/content,在庫,库存,10
/content,その他,其他,10
/content,交換する,交换,14
/content,全て,全部,10
/content,送信する,发送,10
/content,イベント,活动,20
/content,残り,还剩,20
/content,報酬,报酬,20
/content,図鑑,图鉴,10
/content,"<div class=""prt-type-text"">闇</div>",<div class=prt-type-text>暗</div>,30
/content,"<div class=""prt-type-text"">風</div>",<div class=prt-type-text>风</div>,30
/content,設定する,设置,10
/content,キャンセル,取消,10
/content,マイページに戻る,返回首页,
/content,奥義,奥义,15
/content,上限解放する,上限解放,12
/content,強化する,强化,8
/content,強化,强化,15
/content,カジノ,赌场,10
/content,使用する,使用,30
/content,召喚,召唤,20
/content,加護,加护,20
/content,捧げる,使用,20
/content,クエストリストに戻る,返回任务列表,
/content,並び替え条件,排列条件,6
/content,レアリティ,稀有度,4
/content,属性順,属性顺,6
/content,武器種順,武器种类,6
/content,入手順,入手顺,6
/content,スキルLv,技能LV,6
/content,並び順,排列顺序,3
/content,低い順,从低到高,6
/content,高い順,从高到低,6
/content,絞り込み,缩小范围,6
/content,基本設定,基本设定,6
/content,武器の種類,武器的种类,3
/content,シリーズ,系列,10
/content,カテゴリ,分类,16
/content,セラフィック<br>ウェポン,天司武,8
/content,リミテッドシリーズ,六限武器,8
/content,終末の神器,终末神器（法武）,6
/content,ドラゴニック<br>ウェポン,单人六龙武器,6
/content,プライマルシリーズ,1.5老王武器,6
/content,レガリアシリーズ,2.0武器,6
/content,マグナシリーズ,岛主系列,6
/content,オールド・<br>プライマルシリーズ,1.5方阵武器,6
/content,ミーレスシリーズ,星士系列<br>（新沙盒掉落）,6
/content,虚ろなる神器,虚空神器,6
/content,アストラルウェポン,星幽武,6
/content,ローズシリーズ,萝赛塔武器,6
/content,オメガウェポン,U武,6
/content,バハムートウェポン,巴武,6
/content,エピックウェポン,大马武器,6
/content,エニアドシリーズ,九柱神,6
/content,マリスシリーズ,玛丽斯系列<br>黑风妈泥鳅光妈,6
/content,メナスシリーズ,危恐系列<br>校长&群神,6
/content,コスモスシリーズ,大公武器,6
/content,アンセスタル<br>シリーズ,多人六龙武器,6
/content,スペリオルシリーズ,石油武,6
/content,ヴィンテージ<br>シリーズ,30金月武,6
/content,複製品,复制品,6
/content,朽ち果てた武器,朽武,6
/content,セフィリアン・<br>オールドウェポン,转世武器,6
/content,新世界の礎,新世界基石,6
/content,オイラは,碧武,6
/content,プロヴィデンス<br>シリーズ,路巴贝巴布,6
/content,ジェネシス<br>シリーズ,属贵,6
/content,オプティマス<br>シリーズ,老王,6
/content,オプティマス・<br>ディヴィジョン,假老王,6
/content,天司シリーズ,天司系列,6
/content,アーカルム<br>シリーズ,塔罗,6
/content,エピックシリーズ,大马,6
/content,カーバンクル<br>シリーズ,小马,6
/content,デュナミス<br>シリーズ,其他贵族,6
/content,六竜シリーズ,六龙系列,6
/content,有りのみ,仅有,10
/content,無しのみ,仅无,10
/content,MAXのみ,仅MAX,10
/content,ONのみ,仅ON,10
/content,OFFのみ,仅OFF,10
/content,自動リサイクル,自动回收,10
/content,発動,发动,10
/content,習得,习得,21
/content,変更,变更,9
/content,"<div class=""txt-condition-group-name"">ボーナス</div>",<div class=txt-condition-group-name>+1</div>,
/content,スキル,技能,10
/content,並び替える条件をひとつ選択してください,请选择重新排列的条件,2
/content,倉庫TOPに戻る,返回仓库首页,
/content,リストに戻る,返回列表,
/content,標準,标准,15
/content,イベントTOPへ,回到活动,15
/content,水着,泳装,3
/content,浴衣,浴衣,3
/content,バレンタイン,情人节,3
/content,ハロウィン,万圣节,3
/content,クリスマス,圣诞节,3
/content,十二神将,十二神将,3
/content,リミテッド,六限,3
/content,アナザー,异版,3
/content,コラボ,联动,3
/content,十天衆,十天众,3
/content,十賢者,十贤者,3
/decompose/content/index,獲得トレジャー確認,确认获得的素材,
/sell/content/index,決定して売却,决定并出售,
/container,一括選択する,批量选择,
/container,一括売却,批量出售,
/container,倉庫名を変更する,更改仓库名称,
/recycling/content/index,決定して使用,决定并使用,
/recycling/content/index,リサイクル化に使用する召喚石を選択してください,请选择用于回收的召唤石,
/recycling/content/index,リサイクル化に使用する武器を選択してください,请选择用于回收的武器,
/party/content/job/,"<div class=""btn-tabs"">アビリティ</div>",<div class=btn-tabs>技能</div>,
/party/content/job/,"<div class=""btn-tabs"">サポート</div>",<div class=btn-tabs>被动</div>,
/party/content/job/,"<div class=""btn-tabs"">ボーナス</div>",<div class=btn-tabs>加成</div>,
/party/content/job/,LBを割り振ることで、ジョブを強化することができます。,可通过分配LB点数强化职业能力。,
/party/content/job/,JOB Lv20でこのジョブのLimit Bonusが解禁され<br>能力を強化することができます。,JOB Lv20后可解锁该职业的Limit Bonus<br>并对其进行强化。,
/party/content/job/,閉じる,关闭,
/party/content/job/,アビリティ,技能,8
/party/content/job/,EX・リミットアビリティをそれぞれ2つ(計3つ)までセットできます,EX・限定技能最多可以设置2个(共3个),
/party/content/job/,各種アビリティをそれぞれ2つ(計3つ)までセットできます,每种技能最多可以设置2个(共3个),
/party/content/job/,設定されていません,未设定,
/party/content/job/,サポートアビリティ,被动技能,
/party/content/job/,発動中のマスターボーナス,发动中的主角技能加成,
/party/content/job/,発動中のLvアップボーナス,发动中的LvUP加成,
/party/content/job/,発動中の全ボーナス合計,发动中的加成合计,
/party/content/job/,発動中のボーナスはありません,没有发动中的加成,
/party/content/job/,のマスターボーナス,的主角加成,
/party/content/job/,効果時間,效果时间,
/quest/content/newassist,強敵のお出ましだ！,强大的敌人出现啦！,
/quest/content/newassist,他の騎空士と協力しようぜ！,和其他的骑空士一起合力战斗吧！,
/quest/content/newassist,バトル一覧,战斗一览,2
/quest/content/newassist,未確認バトル一覧,未结算的战斗,
/quest/content/newassist,バトル履歴,战斗日志,
/quest/content/newassist,参戦IDを入力してマルチバトルに<br>参戦します。,输入多人战的参战ID<br>即刻参战,
/quest/content/newassist,IDは大文字と小文字を区別しません。,ID的字母不用区分大小写。,
/quest/content/newassist,参加する,加入战斗,
/quest/content/newassist,未確認バトルの確認期限は、バトル終了から1週間経過後の最初の土曜日までとなります。,未结算的战斗截止日期为战斗结束一周后的第一个星期六。,
/quest/content/newassist,期限を過ぎると、確認及び報酬の受け取りができなくなりますのでご注意ください。,请注意，截止日期后您将无法结算战斗和获取奖励。,
/quest/content/newassist,見に行こうぜぇー！,快去看看吧！,
/quest/content/newassist,強敵を倒したみたいだな！,又有强敌被打倒啦！,
/quest/content/newassist,見に行こうぜ！,去看看吧！,
/quest/content/newassist,参加できるマルチバトルは,可以参加的多人战斗,
/quest/content/newassist,一覧で表示されるぜ！,在这里一览显示！,
/quest/content/newassist,未確認バトルが5件以上残っている場合、クエストの開始・マルチバトルへの参加ができなくなります。,如果积累了5场或更多未结算的战斗，你将无法发起任务或参加多人战。,
/quest/content/newassist,マルチバトル一覧,多人战列表,2
/quest/content/newassist,「四象降臨」へ,返回「四象降临」,
/quest/content/newassist,を開始するには<%= point_name %>が<%= quest_ap - sp %>足りません。,需要<%= quest_ap - sp %><%= point_name %>来开始。,
/quest/content/newassist,アイテムを使用して<%= point_name %>を回復しますか？,使用道具恢复<%= point_name %>？,
/quest/content/newassist,<span class='txt-request-name'><%= n.attributes.called_user_name %></span>からの救援依頼,来自<span class='txt-request-name'><%= n.attributes.called_user_name %></span>的救援请求,
/quest/content/newassist,<span class='txt-request-name'><%= raid['called_user_name'] %></span>さんからの救援依頼,来自<span class='txt-request-name'><%= raid['called_user_name'] %></span>的救援请求,
/quest/content/newassist,イベントストーリーを開始することで<br>マルチバトルに参加できるようになります。,开始活动剧情后即可参加多人战斗,
/quest/content/newassist,参加できるイベントマルチバトルはありません,没有可以加入的活动多人战,
/quest/content/newassist,クエストへ,回到任务,2
/quest/content/newassist,イベントマルチバトルは、イベントクエストを進めていくと発生します,活动多人战会在推进活动任务后出现,
/quest/content/newassist,参加条件を満たしていない場合、この一覧には表示されません,如果不符合参与条件，则不会出现在此列表中,2
/quest/content/newassist,参加できるマルチバトルはありません。,没有可以加入的多人战,
/quest/content/newassist,マルチバトルは、クエストを進めていくと発生します,多人战会在推进任务后出现,
/quest/content/newassist,イベントマルチバトルの救援依頼を表示するか显示<br>どうかそれぞれ設定することができます,可以设置是否显示活动多人战的救援请求,2
/quest/content,クエストリストへ,返回任务列表,
/archive/content/story,メインシナリオ,主线剧情,2
/quest/content/supporter_raid,サポーター召喚石選択,选择支援召唤石,
/user/content/index,で認証中,已认证,2
/user/content/index,テキスト入力,输入内容,2
/user/content/index,下記文言を含めてTwitterに投稿されます,以下文字也会一起发布到Twitter,2
/user/content/index,投稿に失敗しました。<br>もう一度投稿するか、<br>再度認証を行ってください。,发布失败，<br>再次发布，<br>或者重新进行身份验证,
/user/content/index,アイテムはアイテム一覧に送られました。,道具已发送到道具列表。,
/user/content/index,騎空団サポート,骑空团支援效果,
/user/content/index,残り時間,剩余时间,2
/user/content/index,よろず屋サポート,万事屋支援效果,
/user/content/index,下記の騎空団サポート効果が終了しました。,以下骑空团支援效果已结束。,
/user/content/index,下記のよろず屋サポート効果が終了しました。,以下万事屋支援效果已结束,
/user/content/index,称号を獲得しました。,获得了新的称号,
/user/content/index,"カジノを遊ぶためには<br>
メインクエスト第8章「鉄の巨人」<br>
をクリアする必要があります。",前往赌场需要通关<br>主线任务第8章「铁巨人」。,
/user/content/index,武勲の輝き,武勋之辉光,
/user/content/index,デイリー,每日,
/user/content/index,ウィークリー,每周,3
/user/content/index,累計,累计,3
/user/content/index,栄誉の輝き,荣誉之辉光,
/user/content/index,騎空団ボーナス,骑空团奖励,
/user/content/index,アーカルムポイント,塔罗点数,
/lobby/content/room,初回消費なし,初次无消耗,3
/lobby/content/room,あと<%= can_quest_start_count %>回挑戦します（全<%= max_quest_start_count %>回）,还剩<%= can_quest_start_count %>回挑战（一共<%= max_quest_start_count %>回）,
/lobby/content/room,このクエストに挑戦します。,准备挑战这个任务,2
/lobby/content/room,マルチバトルの難易度を選択してください,请选择多人战的难度级别,
/lobby/content/room,を選択してください,请选择,
/lobby/content/room,サポーターを選択してください。,请选择支援召唤石,3
/lobby/content/room,サポーターに選択できるメンバーがいません。,没有可供选择召唤石的成员,2
/lobby/content/room,<%= set_user.name %> Rank <%= set_user.rank %> が選択,<%= set_user.name %> Rank <%= set_user.rank %> 选择任务,2
/lobby/content/room,募集Rankやコメントを変更できます,可以更改等级限制和房间简介,
/lobby/content/room,Rank制限なし,无Rank限制,3
/lobby/content/room,ルームID,房间ID,
/lobby/content/room,募集リスト,募集列表,
/lobby/content/room,掲載しない,隐藏,
/lobby/content/room,掲載する,显示,
/lobby/content/room,ボタンを押すとすぐに反映されます,按下按钮后会立即生效,
/lobby/content/room,メンバーが定員に達しているため掲載できません,房间已满，无法显示到募集列表,
/lobby/content/room,LINEに投稿する,发布到LINE,
/lobby/content/room,Twitterに投稿する,发布到Twitter,
/lobby/content/room_,ルーム情報の変更,更改房间信息,
/lobby/content/room_,マルチバトルで募集する仲間の条件と、<br>コメント(24文字以内)を入力してください。,请选择招募队友的条件<br>此外你还可以输入一段房间简介(24字以内)。,
/lobby/content/room_,入力した内容でマルチバトルの仲間を募集します。,根据输入的内容来招募多人战队友,
/lobby/content/room_,マルチバトル選択,多人战选择,
/lobby/content/room_,NORMALのルームではHIGH LEVELの<br>クエストは選べません。HIGH LEVELのルームでは<br>HIGH LEVEL以外のクエストは選べません。,在NORMAL房间里无法选择<br>HIGH LEVEL任务。在HIGH LEVEL房间里<br>无法选择HIGH LEVEL以外的任务,
/lobby/content/room_,募集Rank,募集Rank,
/lobby/content/room_,制限なし,无限制,3
/lobby/content/room_,誰でもOK,谁都可以,2
/lobby/content/room_,フレンド限定,好友限定,2
/lobby/content/room_,騎空団員限定,骑空团员限定,2
/lobby/content/room_,連続クエスト設定,连续战斗设定,2
/lobby/content/room_,設定なし,未设定,2
/lobby/content/room_,参戦人数,参战人数,
/lobby/content/room_,人までのマルチバトル,人的多人战斗,11
/lobby/content/room_,ルーム作成後は参戦人数を減らせません。,房间创建后无法降低参战人数,2
/lobby/content/room_,バトル開始承認,开始战斗的确认,
/lobby/content/room_,承認あり,需要确认,2
/lobby/content/room_,承認なし,不用确认,2
/lobby/content/room_,トライアル設定,练习房设定,2
/lobby/content/room_,通常マルチ,常规多人本,2
/lobby/content/room_,トライアルマルチ,练习用多人本,2
/lobby/content/room_,コメント,描述,
/lobby/content/room_,24文字以内で入力してください。,请输入24字以内的简介,
/lobby/content/room_,募集の投稿・掲載,募集的投稿・发布,
/coopraid/content/offer,ルームIDを入力、または、募集リストから<br>参加したい募集を選択してください。,请输入房间ID或者从募集列表里<br>选择你想要加入的房间。,
/coopraid/content/offer,ルームID入力,输入房间ID,
/coopraid/content/offer,ルームIDを入力してルームに参加します。,输入房间ID即可加入。,
/coopraid/content/offer,IDは大文字と小文字を区別しません。,ID的字母不用区分大小写。,
/coopraid/content/offer,参加する,参加,
/coopraid/content/offer,募集リスト,募集列表,
/coopraid/content/offer,募集数 <span class='txt-count'></span>件,房间数 <span class='txt-count'></span>,
/coopraid/content/offer,共闘TOP,共斗TOP,
/coopraid/content/offer,誰でもOK,谁都可以,2
/coopraid/content/offer,デイリーミッション,每日任务,2
/coopraid/content/offer,自分のフレンドの募集,来自好友的募集,2
/coopraid/content/offer,同じ騎空団員の募集,来自骑空团的募集,2
/coopraid/content/offer,パンデモニウム,伏魔殿,2
/coopraid/content/offer,ドロップ狙い,掉落为主,2
/coopraid/content/offer,条件に一致する募集がありません。,没有符合条件的房间。,
/coopraid/content/offer,クエスト設定者がバトルを開始すると<br>ルームメンバーも自動的にバトルに参戦します,当任务设定者开始战斗时，房间成员自动加入战斗,2
/coopraid/content/offer,この募集に参加します。,加入这个房间,2
/coopraid/content/offer,参加条件を満たしていないため、<br>参加できません。,因不满足加入的条件<br>无法加入房间,2
/coopraid/content/offer,マルチバトル難易度,多人战难度,
/coopraid/content/offer,募集対象,募集对象,
/coopraid/content/offer,フレンド限定,好友限定,
/coopraid/content/offer,騎空団員限定,骑空団员限定,
/coopraid/content/offer,連続クエスト設定,连续战斗设定,
/coopraid/content/offer,連続設定あり,有连续设定,
/coopraid/content/offer,連続設定なし,无连续设定,
/coopraid/content/offer,参戦人数,参战人数,
/coopraid/content/offer,30人まで,最多30人,
/coopraid/content/offer,18人まで,最多18人,
/coopraid/content/offer,6人まで,最多6人,
/coopraid/content/offer,開始前に全員がトレジャーとAPを消費して、<br>メンバーの数だけクエストを行います,开始前所有人都会消耗AP和门票，<br>任务进行次数为房间总人数,
/coopraid/content/offer,バトル開始承認,开始战斗的确认,
/coopraid/content/offer,承認あり,需要确认,
/coopraid/content/offer,承認なし,不用确认,
/arcarum/content/stage,アーカルムの転世TOPへ,返回阿卡姆的转世首页,
/arcarum/content/stage,この場所に移動します,移动到这个地点,3
/arcarum/content/stage,TPが0のため移動できません,TP为0无法继续前进了,2
/arcarum/content/stage,移動する,移动,4
/arcarum/content/stage,セフィラの封門石,塞菲拉封门石,7
/arcarum/content/stage,結界が奥地への進行を阻んでいる,结界阻止你继续向深处前进,
/arcarum/content/stage,アクイラ・キーストーン,阿奎拉钥石,7
/arcarum/content/stage,星導の天球儀,星导天球仪,
/arcarum/content/stage,挑戦するアーカルムシリーズを変更できます。,可以变更想要挑战的塔罗系列BOSS,
/arcarum/content/stage,この場所には何もないようだ,这里好像什么都没有,
/arcarum/content/stage,以下のアイテムを入手しました。,获得了以下道具。,
/arcarum/content/stage,ステータス効果,状态效果,
/arcarum/content/stage,ステータス効果が発動！,发动状态效果！,
/arcarum/content/stage,以下のステージ効果が解除されました。,以下关卡效果已解除。,
/arcarum/content/stage,キャラの編成制限,编队可选角色受限,
/arcarum/content/stage,不思議な力で封鎖されている,受到神秘力量的阻挡,
/arcarum/content/stage,使用するアイテムを選択してください,请选择要使用的道具,
/arcarum/content/stage,アイテムの効果は探索終了まで持続します,道具的效果将持续到探索结束,2
/arcarum/content/stage,強化アイテム,强化道具,
/arcarum/content/stage,所持して<br>いません,未持有这<br>种道具,2
/arcarum/content/stage,回復アイテム,回复道具,
/arcarum/content/stage,を使用します,已使用,
/arcarum/content/stage,の効果が発動中のため<br>使用できません,的效果已存在<br>无法再使用了,
/arcarum/content/stage,TPを消費してアクイラ・キーストーンを<br>破壊しますか？,,2
/arcarum/content/stage,星導の天球儀を使用して、<br>挑戦するアーカルムシリーズを変更します。,使用星导天球仪，<br>变更挑战的塔罗BOSS。,
/arcarum/content/stage,挑戦するアーカルムシリーズを選択してください,请选择想要挑战的塔罗BOSS,
/arcarum/content/stage,所持数が不足しています,持有数量不足,
/arcarum/content/stage,挑戦するアーカルムシリーズを変更します。,变更将要挑战的塔罗BOSS,
/arcarum/content/stage,アイテムを使用してアーカルムシリーズを変更した場合、討伐するまで同じ敵が出現します,使用道具变更了想要挑战的塔罗BOSS的场合，在讨伐完毕前同一个敌人会持续出现,
/arcarum/content/stage,再度アイテムを使用して変更することが可能です,可再次使用道具进行变更,
/arcarum/content/stage,挑戦するアーカルムシリーズを変更しました。,已变更将要挑战的塔罗BOSS,
/arcarum/content/stage,チェックポイントに到達しました。<br><br>進行状況を記録して探索を終了し、<br>アーカルムTOPへ戻りますか？,已到达存档点。<br><br>要记录进度后结束探索，<br>回到塔罗首页吗？,
/arcarum/content/stage,TPが不足しているためクエストを<br>開始できません。,因TP不足无法开始任务,
/arcarum/content/stage,探索を終了しますか,要结束探索吗,
/arcarum/content/stage,探索を終了した場合、チェックポイント以降の<br>進行状況は保存されません。,如选择结束探索，存档点之后的进度将不会被保存。,
/arcarum/content/stage,本当に探索を終了しますか,确定要结束探索吗,
/arcarum/content/stage,既にアイテム「<%= contents[0].higher_order_info.from_name %>」の<br>効果が発動しているため<br>「<%= contents[0].name %>」の効果は発動しませんでした,物品「<%= contents[0].higher_order_info.from_name %>」的<br>效果已经生效了，<br>所以「<%= contents[0].name %>」的效果无法生效,
/shop_exchange/content/list,最近交換したもの,最近交换,
/shop_exchange/content/list,ジーン,因子,
/shop_exchange/content/list,ダマスカス関連アイテム,黑钢相关道具,
/shop_exchange/content/list,ローズクリスタル,玫瑰水晶,
/shop_exchange/content/list,邂逅、黒銀の翼,邂逅、黑银之翼,
/shop_exchange/content/list,降臨、調停の翼,降临、调停之翼,
/shop_exchange/content/list,神撃、究極の竜,神击、究极之龙,
/shop_exchange/content/list,マグナアニマ,玛格纳精魄,
/shop_exchange/content/list,ダーク・ラプチャー,路西法素材,
/shop_exchange/content/list,六竜討伐戦,六龙讨伐战,
/shop_exchange/content/list,四象降臨,四象降临,
/shop_exchange/content/list,究竟の証,究竟之证,
/shop_exchange/content/list,アーカルムの契約者,阿卡姆的契约者,
/shop_exchange/content/list,窮極への道,通往究极之路,
/shop_exchange/content/list,限界超越,超越极限,
/shop_exchange/content/list,ショップTOPへ,返回商店首页,
/shop_exchange/content/list,一覧に戻る,回到一览表,
/shop_exchange/content/list,制限なし,无限制,2
/shop/content/index,いらっしゃ～い！　旅支度はシェロちゃんにお任せ～！,欢迎光临～！　旅行的准备就交给我榭洛酱吧～！,
/item/content/index,アイテム,道具,6
/item/content/index,空図の欠片,空图碎片,
/item/content/index,大事なもの,宝物,4
/item/content/index,ショップへ,去商店,
/profile/content/index,"<div class=""prt-talk-title"">挨拶</div>",<div class=prt-talk-title>留言</div>,
/profile/content/index,ステータス,状态,
/profile/content/index,ポイント,点数,2
/profile/content/index,フレンド,好友,2
/profile/content/index,仲間キャラ,同伴,2
/profile/content/index,サポーター専用,支援专用,
/profile/content/index,召喚石,召唤石,10
/profile/content/index,推しキャラ,喜欢的角色,
/profile/content/index,コメントが設定されていません,还没有填写任何译者,
/profile/content/index,アチーブメント,成就,2
/quest/content/newextra,素材クエスト,材料任务,
/quest/content/newextra,クエストリストに戻る,返回任务列表,
/quest/content/newextra,何だかスゲェお宝のニオイがするぜ,好像有不得了的宝物呢,
/quest/content/newextra,腕試しにチャレンジしてみようぜぇー,去挑战一下看看吧,
/archive/content/top,旅の記録をつけてるんですよ～<br>フフッ,我做了旅行的记录哦～<br>呵呵,
/archive/content/top,いろんなことがありましたね！<br>これからはどんな事が起きるかな～,过去发生了很多事情呢！<br>将来还会发生什么样的事呢～,
/archive/content/top,私のノート！見たいですか？,我的日记！你想看吗？,
/archive/content/top,カタリナに頼まれて武器のことも<br>記録してるんです。結構おもしろいです！,卡塔莉娜还拜托我做了武器的记录。很有趣哦！,
/friend/content/index,フレンド,好友,
/friend/content/index,申請中,申请中,
/friend/content/index,フレンド検索,好友搜索,
/friend/content/index,未承認,未接受,
/user/content/index,イベント・キャンペーン,活动,
/user/content/index,お知らせ・アップデート,公告・更新,
/result,アイテム,道具,19
/result,経験値,经验值,9
/result,獲得,获得,51
/result,ポイント,点数,10
/result,リサイクル化,装备回收,
/result,売却,出售,14
/result,強化,强化,12
/result,騎空艇,骑空艇,5
/result,総貢献度,总贡献度,3
/result,総ダメージ,总伤害,4
/result,獲得アイテムはありません,无掉落,
/result,獲得アイテムが各種自動設定に使用されました,获得的道具会被各种自动设定所使用,
/result,四象の輝き,四象之辉光,3
/result,｢四象の輝き｣の所持上限に達しているため<br>｢四象の輝き｣を獲得することができませんでした。,｢四象辉光｣点数已达持有上限<br>因此无法再继续获得｢四象辉光｣点数了,4
/result,参戦タイミングボーナス,参战时限奖励,2
/result,貢献度ボーナス,贡献度奖励,
/result,輝きボーナスタイム,辉光奖励时间,
/result,合計,合计,4
/result,クリアボーナス,通关奖励,2
/result,獲得ルピ,获得卢比,2
/result,これ以上ルピを獲得できません,无法再获得卢比了,
/result,以下のアイテムを売却しました,出售了以下的道具,
/result,以下のアイテムを使用しました,使用了以下的道具,
/result,クエストクリア時に獲得した武器・召喚石を自動的に売却するか、騎空艇の強化ができます,任务完成时获得的武器・召唤石可以自动出售或用于骑空艇强化,
/result,売却と強化を併用することはできません,出售和强化不能同时使用,2
/result,武器の自動売却・強化設定,武器的自动出售・强化设定,
/result,武器の売却,武器的出售,
/result,自動売却する,自动出售,2
/result,騎空艇の強化,骑空艇的强化,
/result,自動強化する,自动强化,
/result,召喚石の自動売却設定,召唤石的自动出售设定,
/result,召喚石の売却,召唤石的出售,
/result,条件を設定してください,请进行条件的设定,
/result,レアリティ,稀有度,
/result,ノーマルのみ,只有 N,2
/result,レアを含む,包括 R,
/result,スキルありを含む,带有技能,2
/result,エンジェルを含む,强化专用素材,
/result,個作成されました,个已合成,2
/result,アイテムが所持上限に達しています,道具持有数已达上限,2
/result,アイテムが所持<br>上限に達しています,道具持有数<br>已达上限,
/result,以下の装備をリサイクル化に使用しました,以下装备已被回收,
/result,クエストクリア時に獲得した装備を自動的にリサイクル化、売却、騎空艇の強化ができます,任务完成时获得的装备可以自动回收出售或用于骑空艇强化,
/result,装備は先にリサイクル化へ使用されます,装备的回收会优先生效,
/result,リサイクル化自動設定,自动回收的设定,
/result,武器の所持数,武器持有数量,
/result,召喚石の所持数,召唤石持有数量,
/result,このバトルで獲得できる報酬はありません,这场战斗没有可以获取的奖励,
/result,クエストリストへ,返回任务列表,
/result,この設定をすることで、獲得した装備を<br>自動的に売却、または騎空艇強化に使用できます,这个按钮的设置可以让你在获得<br>装备时自动出售或强化骑空艇,
/result,リサイクル化に使用する装備を選択してください,请选择用于回收的装备,
/result,ボーナス値やスキル付きの装備は使用されません,不会使用带有技能的武器和带有加号的装备,
/party/content/list_subaction,アビリティを選択してください,请选择技能,
/party/content/list_subaction,EXアビリティ解除,EX技能解除,
/party/content/list_subaction,ジョブTOPに戻る,返回职业详情,
/party/content/list_subaction,全てのアビリティ,所有技能,
/party/content/list_subaction,ダメージアビリティ,伤害技能,
/party/content/list_subaction,強化アビリティ,强化技能,
/party/content/list_subaction,弱体アビリティ,弱化技能,
/party/content/list_subaction,回復アビリティ,回复技能,
/party/content/list_subaction,リミットアビリティ,限定技能,
/party/content/list_subaction,ベースアビリティ,基础技能,
/quest/content/scene,このお話のあらすじ,这一节的故事梗概,
/content/detail,メイン装備時,主召唤时,
/content/detail,サブ装備時,副召唤时,
/content/detail,サポーター選択時,支援选择时,
/content/detail,サブメンバー時,作为后备时,
/content/detail,バトル登場時,战斗登场时,
/archive/content/detail,ステータス,属性,
/archive/content/detail,関連キャラクター,关联角色,99
/archive/content/detail,エピソード解放率,剧情解放率,
/archive/content/detail,エピソード,剧情,99
/archive/content/detail,関連ストーリー,关联的故事,99
/archive/content/detail,フェイトエピソード,个人剧情,
/content/detail,"<div class=""prt-title"">アビリティ</div>",<div class=prt-title>技能</div>,
/detail/content/detail,トライアルキャラでは使用できないアビリティです,不能与试用角色一起使用的技能,5
/detail/content/detail,発生条件,开始条件,4
/detail/content/detail,LB取得でClassUP,LB获得ClassUP,
/detail/content/detail,習得クエストへ,解锁任务,8
/content/detail,サポートアビリティ,被动技能,
/detail/content/detail,倉庫に預ける,存入仓库,2
/detail/content/detail,エレメント化,分解,3
/detail/content/detail,スキン・POSE切り替え設定,皮肤・POSE切换设置,3
/detail/content/detail,保護を解除する,解除保护,
/detail/content/detail,保護する,保护,
/detail/content/detail,推しキャラに設定する,设置成喜欢的角色,
/detail/content/detail,推しキャラ設定を外す,取消喜欢的角色,
/detail/content/detail,おまかせ編成の対象から除外,从自动编成的对象里排除,
/detail/content/detail,おまかせ編成の対象に含める,包含到自动编成的对象里,
/detail/content/detail,効果時間,持续时间,
/detail/content/detail,使用間隔,冷却时间,33
/detail/content/detail,使用可能,使用限制,33
/detail/content/detail,初回召喚,首次召唤,33
/detail/content/detail,習得条件,解锁条件,33
/detail/content/detail,ターン,回合,66
/detail/content/detail,ターン後,回合后,66
/content,閉じる,关闭,15
/content,撤退する,撤退,15
raid/,使用制限数に達しているため,因达到使用次数上限,
raid/,これ以上エリクシールを使用できません,无法再使用复活药水了,
raid/,エリクシールがありません,没有复活药水,
raid/,エリクシールを使うと、奥義ゲージが最大の<br>状態でキャラが復活し、バトルを続行できます,使用复活药水，角色会以满奥义的<br>状态复活，战斗会将会继续进行,
raid/,ショップへ,去商店,
raid/,宝晶石で交換,交换宝晶石,
raid/,使用するアイテムを選択してください,选择要使用的道具,3
raid/,エリクシール,复活药水,5
raid/,防戦アイテム,防战道具,
raid/,古戦場専用アイテム,古战场专用道具,
raid/,共闘クエスト専用アイテム,共斗任务专用道具,
raid/,回復するメンバーをタッチしてください,请选择要恢复的队员,
raid/,戦闘に参加しているメンバー全員が<br>回復します,战斗中的队员都将恢复,
raid/,マイページに戻りますか,回到主页,2
raid/,タッチするとオートアタックが有効になります,通过点击屏幕可以在自动和手动攻击模式中切换,
raid/,このバトルはいつでも再開できます,你可以随时返回这场战斗,
raid/,他のクエストを実行する場合、このバトルに,如果想进行其他任务,
raid/,勝利または撤退する必要があります,则需要获得胜利或撤退,
raid/,アビリティ使用,使用技能,
raid/,キャラクターを選択してください,请选择一个角色,
raid/,バトルメンバー,战斗队员,
raid/,サブメンバー,后备队员,
raid/,発動,发动,2
raid/,で認証中,已认证,2
raid/,テキスト入力,输入文字,2
raid/,下記文言を含めてTwitterに投稿されます,以下文字也会一起发布到Twitter,2
raid/,最近使ったスタンプ,最近使用的表情,2
raid/,参戦IDを入力してもらう、または,输入参战ID或者,
raid/,救援依頼を出すと、複数人でバトルが行えます,发送救援请求，就可以多人一起战斗,2
raid/,救援依頼を出す場合は対象を選択してください,发送救援请求时请选择要邀请的对象,
raid/,マルチバトルでは,在多人战斗里,
raid/,他プレイヤーに救援依頼することで,你可以邀请其他玩家,
raid/,救援依頼の対象を選択してください,请选择要求救援的对象,
raid/,Twitterに参戦IDを投稿,在Twitter上发布参战ID,
raid/,救援依頼対象は選択できません,这里无法挑选参与战斗的对象,
raid/,撤退すると報酬は受け取れません,撤退后无法获得报酬,
raid/,撤退するとこのバトルには<br>もう参加する事ができません,一旦选择撤退<br>就无法再加入这个战斗了,
raid/,マイページへ,回主页,2
raid/,チャットを送信することで,通过发送信息,
raid/,オールポーションが1個手に入ります,可以获得一个群体回复药水,
raid/,表示オプション,显示选项,
raid/,バトルスピード,战斗速度,
raid/,早送り,快进,
raid/,召喚再生スピード,召唤动画速度,
raid/,リアルタイム通知設定,实时通知设置,
raid/,参戦者アビリティ通知設定,参战者技能通知设置,
raid/,設定を反映する,让设置生效,3
raid/,救援依頼ウィンドウの表示スキップ,跳过救援请求弹窗,
raid/,「ON」設定の場合、マルチバトル開始時に救援依頼ウィンドウの表示がスキップされます,设置为「ON」时，多人战开始时的弹窗会被跳过,
raid/,参戦者の救援依頼,参战者的救援请求,3
raid/,自分が発見したマルチバトルにおいて、参戦者が救援依頼を出せるかどうか設定できます,你可以设置自己发起的多人战斗里，其他玩家是否可以发送救援请求,
raid/,「OFF」設定の場合、自分が発見したマルチバトルにおいて、参戦者は救援依頼を出すことはできません,设置为「OFF」时，自己发起的多人战斗中，其他玩家将无法发送救援请求,
raid/,ボイススタンプ設定,有声表情设置,
raid/,マルチバトルにおいて、ボイス対応スタンプを送信・または受信した際の、ご利用の端末での音声再生の有無を設定できます,多人战中可以设置在发送或接收有声表情时，是否播放声音,
raid/,音声を再生する,播放声音,
raid/,マルチバトルでの表示,多人战的显示,
raid/,マルチバトルにおける他のプレイヤーのスタンプの表示の有無を設定できます,可以设置在多人战中是否显示其他玩家的表情,
raid/,スタンプを表示,显示表情,
raid/,召喚石情報,召唤石信息,
/teamraidteaser,決戦！星の古戦場,决战！星之古战场,
/teamraidteaser,前回古戦場予選騎空団ランキング,上次古战场预选的骑空团排名,
/teamraidteaser,古戦場のバトルBGMやTOP背景を変更できます,可以更换古战场的战斗BGM和TOP背景,
/teamraidteaser,予選バトル,预选战,
/teamraidteaser,予選集計結果,预选结果计算,
/teamraidteaser,インターバル,休息时间,
/teamraidteaser,本戦バトル,本战,
/teamraidteaser,スペシャルバトル,特殊战,
/teamraidteaser,開催スケジュール,活动日程表,
/teamraidteaser,プロローグ,序幕,
/teamraidteaser,前回からの変更点,自上次以来的变动,
/coopraid/content/index,マルチバトル,多人战,5
/coopraid/content/index,共闘,共斗,2
/coopraid/content/index,マイページ,回到主页,2
/quest/content,フェイトエピソード一覧,个人剧情一览,
/quest/content/newfate,たまには寄り道もイイかもなぁ,偶尔换条路走走也不错哦,
/quest/content/newfate,意外な発見があるんじゃねーか,说不定会有什么新发现呢,
/quest/content/newfate,SSレア,SSR,2
/quest/content/newfate,Sレア,SR,4
/quest/content/newfate,レア,R,4
/quest/content/newfate,クエストリストに戻る,返回任务列表,
/guild_main,騎空団チャットログ,骑空团聊天记录,
/guild_main,団長,团长,3
/guild_main,アサルトタイム,AT时间,3
/guild_main,時間帯,时间段,3
/guild_main,時間帯は団長、副団長のみ変更できます,时间段只能由团长、副团长修改,
/guild_main,イベント中、1回のみ変更できます,在活动中只能变更一次,
/guild_main,アサルトタイムについて,关于AT时间,
/guild_main,記録,记录,
/guild_main,役職,职务,
/guild_main,合計寄付ルピ,卢比捐赠总额,
/guild_main,記録,记录,
/advent/top,四象を討伐して水晶を輝かせよう,通过四象的讨伐让水晶闪耀,
/advent/top,輝きを解き放ち星晶獣を出現させよう,,
/advent/top,水晶は静かに佇んでいる,水晶安静地伫立于此,
/advent/top,水晶は沈黙を保っている,水晶保持着沉默,
/advent/top,水晶から微かな力を感じる,水晶有力量隐隐传出,
/advent/top,水晶が微かな光を灯した,水晶之中微光闪烁,
/advent/top,水晶に光が灯っている,水晶开始发光,
/advent/top,水晶が淡い光を放っている,水晶散发出淡淡的光芒,
/advent/top,水晶が強い光を放っている,水晶散发着强烈的光芒,
/advent/top,水晶が輝きだした,水晶正在闪耀,
/advent/top,水晶の放つ輝きが強くなった,水晶闪耀着强烈的光芒,
/advent/top,水晶が眩い輝きを放っている,水晶闪耀着炫目的光芒,
/advent/top,水晶は神々しく光り輝いている,水晶绽放着神一般的光彩,
/advent/top,バトル,战斗,20
/advent/top,四象降臨,四象降临,2
/treasureraid,オープニングをもう一度見る,再看一遍序章,
/treasureraid,一覧を開く,打开列表,3
/treasureraid,イベントスキップ設定,跳过剧情,
/treasureraid,進行状況,活动进度,
/treasureraid,ガチャの中身を確認,查看当前战货池,
/treasureraid,戦貨ガチャでは3回目まで,在抽取战货池时，前3次抽到,
/treasureraid,を入手した場合、即時リセットを行うことができます,后可以立刻进行重置,
/treasureraid,4回目以降のリセットは、ボックスの中身を引ききった場合に限り、リセットを行うことが可能となります,从第4次开始只有抽空池子后才能重置战货池,
/treasureraid,ボックスのリセットについて,关于战货池的重置,
/treasureraid,ボックスのリセットが可能です。,战货池现在可以重置,
/treasureraid,リセットする,重置战货池,
/treasureraid,ボックスの切り替えについて,关于战货池的更替,
/treasureraid,ボックスをリセットするとボックスの中身が変化します,重置战货池后，池内道具也会变化,
/treasureraid,現在は,现在是第,
/treasureraid,回目のボックスです,次的战货池,
/treasureraid,1回目の中身,第1池所含的道具,
/treasureraid,2回目の中身,第2池所含的道具,
/treasureraid,3回目の中身,第3池所含的道具,
/treasureraid,4回目の中身,第4池所含的道具,
/treasureraid,回目以降の中身,池以后的道具,3
/teamraid,決戦！星の古戦場,决战！星之古战场,
/teamraid,活动期間中一度だけ天星器を変更可能です,活动期间可以最多更换一次选择的天星器,
/teamraid,天星器を変更する,更换天星器,
/teamraid,ガチャの中身を確認,查看当前战货池,
/teamraid,戦貨ガチャでは4回目まで,在抽取战货池时，前3次抽到,
/teamraid,を入手した場合、即時リセットを行うことができます,后可以立刻进行重置,
/teamraid,5回目以降のリセットは、ボックスの中身を引ききった場合に限り、リセットを行うことが可能となります,从第4次开始只有抽空池子后才能重置战货池,
/teamraid,ボックスのリセットについて,关于战货池的重置,
/teamraid,ボックスのリセットが可能です。,战货池现在可以重置,
/teamraid,リセットする,重置战货池,
/teamraid,ボックスの切り替えについて,关于战货池的更替,
/teamraid,ボックスをリセットするとボックスの中身が変化します,重置战货池后，池内道具也会变化,
/teamraid,現在は,现在是第,
/teamraid,回目のボックスです,次的战货池,
/teamraid,1回目の中身,第1池所含的道具,
/teamraid,2回目の中身,第2池所含的道具,
/teamraid,3回目の中身,第3池所含的道具,
/teamraid,4回目の中身,第4池所含的道具,
/teamraid,回目以降の中身,池以后的道具,3
/setting,フレンド申請設定,好友申请设置,
/setting,フレンド申請受付,接受好友申请,
/setting,フレンド申請の受付について設定します,设置是否接受好友申请,
/setting,受け付ける,接受,
/setting,フレンド申請,好友申请,
/setting,クエストのリザルト画面において、フレンド申請を行います,在战斗结算画面提出好友申请,
/setting,フレンド申請を行う,提出好友申请,
/setting,公開設定,公开设置,
/setting,プロフィール,个人资料,
/setting,全体に公開,对全体公开,
/setting,フレンドと騎空団に公開,对好友和骑空团公开,
/setting,フレンドにのみ公開,只对好友公开,
/setting,プロフィールの公開設定を「フレンドのみ」または「フレンドと騎空団」に設定している場合、以下の項目で「全体」を選択することはできません,个人资料的显示设置为“仅向好友公开”或“向好友和骑空团公开”的场合，以下项目都无法选择“全体”。,
/setting,挨拶,留言,
/setting,非公開,不公开,6
/setting,フレンド,仅好友,6
/setting,サポーター召喚石,好友召唤石,
/setting,推しキャラ,喜欢的角色,
/setting,属性強化スキルレベル公開,属性强化等级,
/setting,アビリティレール,技能队列,
/setting,アビリティレールの表示を設定します,设置技能队列的表示方法,
/setting,ターン処理待機設定,回合处理待机设定,
/setting,直前のターン処理中にアビリティレールを使用可能にします,在处理直前回合时允许使用技能队列,
/setting,アビリティ効果表示設定,技能效果表示设置,
/setting,アビリティ効果のウインドウのサイズを変更します,变更技能效果的窗口大小,
/setting,バトルスピード,战斗速度,
/setting,バトル演出の速度を設定します,设置战斗演出的速度,
/setting,バトルスピードを上げると、演出がスキップされる場合があります,加快战斗速度会导致跳过演出,
/setting,標準,标准,5
/setting,早送り,快进,
/setting,召喚再生スピード,召唤播放速度,
/setting,フルスクリーン召喚演出の再生速度を設定します,设置全屏召唤的演出播放速度,
/setting,フルスクリーン以外の召喚演出速度は変わりません,全屏以外的召唤演出速度不会变化,
/setting,演出中のボタン表示設定,演出中的按钮显示设置,
/setting,バトルにおいて、攻撃や召喚などの演出中に表示されるチャットボタンとスタンプボタンの表示方法を設定します,设置战斗中攻击及召唤演出时周围显示的聊天按钮和表情按钮的表示方法,
/setting,AUTOボタン設定,AUTO按钮设置,
/setting,バトル中に表示されるAUTOボタンを切り替えます,切换战斗中表示出来的AUTO按钮,
/setting,フルオートでは攻撃／アビリティ使用を自動で行います,选择FULLAUTO时会自动使用攻击/技能,
/setting,詳しくはHELPを確認してください,详细内容请确认HELP内容,
/setting,設定を変更すると全てのクエストに対して設定が適用されます,变更设定后会适用到所有任务中,
/setting,フル,FULL,
/setting,マルチバトル設定,多人战斗设置,
/setting,リアルタイム通知,实时通知,
/setting,他プレイヤーのダメージやアビリティ効果、敵の状態などがリアルタイムに通知されます,实时显示其他玩家造成的伤害、技能效果、敌人状态等,
/setting,通知する,通知,2
/setting,参戦者のアビリティ使用通知,参战者使用技能通知,
/setting,参戦者に効果を付与するジョブアビリティ使用時、他の参戦者が同じアビリティを使用していた際に通知されます,使用向参战者赋予效果的职业技能时，如果其他的参战者已经使用过同一个技能，则会进行通知,
/setting,救援依頼ウィンドウの表示スキップ,跳过救援请求窗口的显示,
/setting,マルチバトル開始時の救援依頼ウィンドウ表示をスキップします,多人战开始时不自动弹出救援请求窗口,
/setting,スキップする,跳过,2
/setting,救援チャット受信,接收救援通知,
/setting,一部の端末をお使いのお客様は、12:00～13:00、18:00～24:00の時間帯は、チャット通知が行われません,对于使用部分终端的用户，将不会在12:00～13:00、18:00～24:00进行通知,
/setting,mobageのマイページにはチャットが届きます,mobage的主页上会显示通知的,
/setting,「深夜帯」とは、24:00～早朝6:59 の時間帯を指します,“深夜时间”是指24：00~隔天早上6:59,
/setting,参戦者の救援依頼,参战者的救援请求,
/setting,自分が発見したマルチバトルの参戦者に対し、救援依頼の許可を設定します,针对自己发起的多人战的参战者，设置是否允许其发出救援请求,
/setting,救援依頼を許可する,允许发出救援请求,
/setting,救援依頼ウィンドウの自動表示,救援委托窗口自动显示,
/setting,再救援可能になった際に救援依頼ウィンドウを表示します,可以再次发出救援时显示救援委托窗口,
/setting,再救援時間表示,再次救援时间显示,
/setting,再救援までに必要な時間の表示形式を設定します,设定可再次发出救援为止所需时间的表示形式,
/setting,ゲージ,进度条,
/setting,残り時間,剩余时间,
/setting,通知・貢献度のスキン表示,通知・贡献度处的皮肤显示,
/setting,リアルタイム通知や貢献度表示において、他の参戦者が設定しているスキンを反映するかどうか設定します,在实时通知及贡献度表示窗口中，设置是否显示其他参战者使用的皮肤,
/setting,スキンを反映する,显示皮肤,3
/setting,参戦者一覧スキン表示,参战者列表中的皮肤显示,
/setting,参戦者一覧表示において、他の参戦者が設定しているスキンを反映するかどうか設定します,在参战者列表中，设置是否显示其他参战者使用的皮肤,
/setting,共闘のスキン表示,共斗中的皮肤显示,
/setting,共闘のリスト表示において、他の参戦者が設定しているスキンを反映するかどうか設定します,在共斗列表中，设置是否显示其他参战者使用的皮肤,
/setting,各種設定に戻る,返回设置主页,
/setting,終日受け取る,全天接收,
/setting,終日受け取らない,全天不接收,
/setting,深夜帯は受け取らない,深夜时间不接收,
/setting,アイテム一覧の設定,道具列表的设置,
/setting,アイテムリストのフィルタ機能,道具列表的筛选功能,
/setting,アイテムリストのフィルタ機能を設定します,可以设置道具列表的筛选功能,
/setting,フィルタ機能を使うことで所持アイテムが探しやすくなります,使用筛选功能可以更简单的查找所持道具,
/setting,「フィルタOFF」の場合,「筛选OFF」的时候,
/setting,「フィルタ有効」の場合,「筛选启用」的时候,
/setting,マルチバトルのルーム非表示設定,不显示多人战房间的设置,
/setting,参加条件を満たしていないルームの非表示設定,不显示未满足参加条件的房间的设置,
/setting,ルームの募集Rankについて、条件を満たさないルームを非表示にできます,不显示不满足房间的招募rank条件的房间,
/setting,非表示にする,不显示,8
/setting,武器・召喚石のリサイクル化設定,武器·召唤石的回收设置,
/setting,武器、召喚石のリスト所持数が指定値以上の場合、クエストクリア時に獲得した装備を、自動的にリサイクル化に使用できます。,武器・召唤石的清单内所持数量达到指定数量以上时，任务结束后获得的装备自动回收。,
/setting,リサイクル化へ使用された後、自動売却・強化へ使用されます,先回收，再自动出售・强化,
/setting,リスト所持数の指定について,列表内所持数量指定,
/setting,武器の所持数,武器所持数,
/setting,召喚石の所持数,召唤石所持数,
/setting,現在リサイクル化が有効になっています,目前回收设置有效,
/setting,獲得時に自動リサイクルする武器について,关于获得时自动回收武器的设定,
/setting,獲得時に自動リサイクルする武器は、「図鑑」「リスト」「倉庫」「バトル履歴」「クエストリザルト」から設定できます。,获得时自动回收的武器，可从“图鉴”“列表”“仓库”“战斗履历”“任务结算”画面进行设定。,
/setting,※EXスキル付きの武器は自動リサイクルされません,※带有EX技能的武器不会被自动回收,
/setting,自動リサイクル武器,自动回收武器,
/setting,自動売却・騎空艇の自動強化設定,自动出售・自动强化骑空艇的设置,
/setting,クエストクリア時に獲得した武器・召喚石を自動的に売却するか、騎空艇の強化ができます,任务完成时获得的武器・召唤石可自动出售或强化骑空艇,
/setting,売却と強化を併用することはできません,出售和强化无法同时使用,
/setting,武器の自動売却・強化設定,武器的自动出售·强化设置,
/setting,武器の売却,武器的出售,
/setting,自動売却する,自动出售,2
/setting,騎空艇の強化,强化骑空艇,
/setting,自動強化する,自动强化,
/setting,召喚石の自動売却設定,召唤石的自动出售设置,
/setting,召喚石の売却,召唤石的出售,
/setting,リスト・倉庫のソート設定共通化,列表·仓库的分类设定共通化,
/setting,リストのソート設定共通化,列表的分类设定共通化,
/setting,武器・召喚石の並び順・絞り込み設定を「売却」「倉庫」「リサイクル」と共通にすることができます,可将武器·召唤石的排列顺序·缩小范围的设定与[卖出][仓库][回收]共通,
/setting,共通化する,共通,2
/setting,※武器・召喚石でそれぞれ設定が共通化されます,*武器·召唤石按照各自的设定共通,
/setting,※エレメントは武器・召喚石ともに共通化されません,*元素化无法与武器·召唤石设定共通,
/setting,倉庫のソート設定共通化,仓库的分类设定共通化,
/setting,武器・召喚石倉庫の並び順・絞り込み設定を「売却」「移動」「リサイクル」と共通にすることができます,可将武器·召唤石仓库的排列顺序·缩小范围的设定与[卖出][仓库][回收]共通,
/setting,※武器・召喚石倉庫でそれぞれ設定が共通化されます,*武器·召唤石仓库按照各自的设定共通,
/setting,※エレメントは武器・召喚石倉庫ともに共通化されません,*元素化无法与武器·召唤石仓库设定共通,
/setting/content/index/useful,編成自動絞り込み設定,编队自动筛选设定,
/setting/content/index/useful,編成入れ替えリストを、選択したキャラクター・装備のレアリティと属性で自動的に絞り込むことができます,可将编队替换清单按照选择的角色·装备的稀有度及属性自动进行筛选,
/setting/content/index/useful,自動化する,自动化,
/setting/content/index/useful,※SSレア以外のキャラクター・装備と入れ替えを行う場合、上位のレアリティも絞り込み対象となります,※对SSR以外的角色·装备进行替换时，其上位稀有度也会成为筛选对象。,
/setting,購入金額通知機能の表示設定,购入金额通知功能的显示设置,2
/setting,毎月、一定額以上のモバコインを使用した場合に、その旨のポップアップを表示できます,每月使用了一定数额以上的moba硬币时，使用弹出窗口通知此事,
/setting,表示する,显示,10
/setting,今日からはじめるグラブルアイコンの非表示,不显示“今天开始玩碧蓝”图标,
/setting,「今日からはじめるグラブル」アイコンを非表示にします,不显示“今天开始玩碧蓝”图标,
/setting,アイコンの非表示設定,不显示图标的设置,
/setting,アイコン表示Rankを超えると、設定内容に関わらず非表示になります,超过图标显示rank后，无论设置内容为何都不会再显示,
/setting,表示される内容,显示时的界面,
/setting,アイコン表示位置,图标位置,
/setting,リサイクル化に使用する装備を選択してください,请选择用于回收的装备,
/setting,ボーナス値やスキル付きの装備は使用されません,带+号的，有技能的装备不会被回收,
/setting,AP・BP不足時の自動回復設定,AP、BP不足时的自动回复设定,
/setting,クエスト開始時にAP・BPが不足している場合、自動的にアイテムを必要数使用しAP・BPを回復します,任务开始时若AP、BP不足，则自动消费对应数量道具补充AP、BP,
/setting,※詳細設定で使用するアイテムの種類を設定できます,※可在详细设定中设定使用道具的种类,
/setting,自動回復する,自动回复,2
/setting,自動アイテム使用時の通知設定,自动使用道具时的通知设定,
/setting,自動回復後のアイテム使用完了通知を非表示にします,不显示自动回复后的道具使用完毕通知,
/setting,※通知を非表示にしている場合、自動的に消費したアイテムの補填依頼に応じられない場合があります。あらかじめご了承ください,※如设定不显示通知，可能会出现无法自动应对消费道具补充委托的情况。请知悉。,
/setting,回復,回复,2
/setting,条件を設定してください,请设置条件,
/setting,レアリティ,稀有度,
/setting,ノーマルのみ,仅N,2
/setting,レアを含む,含R,2
/setting,スキルありを含む,含有技能武器,2
/setting,エンジェルを含む,含天使系武器,2
/setting,会話シーン設定,剧情的设置,
/setting,演出の自動再生,剧情自动播放,
/setting,会話シーンでの演出が自動で進みます,看剧情时会自动播放,
/setting,自動再生する,自动播放,
/setting,テキストの一括表示,剧情文本直接显示,
/setting,テキストが文字送りされず一括で表示されます,文本内容将不会逐字显示而是直接显示,
/setting,一括表示する,直接显示,
/setting,クエスト設定,任务设置,
/setting,クエストのイベントスキップ,任务的活动Skip,
/setting,クリア済みクエストの会話シーンをスキップします,跳过已完成的任务的剧情,
/setting,アドベンチャーパートのスキップ,跳过冒险部分,
/setting,クエスト中のアドベンチャーパートをスキップします,跳过任务中的冒险部分,
/setting,スキップしない場合、演出が表示されます,不跳过时会有演出,
/setting,スキップする場合、アイテムの入手結果のみ表示されます,跳过时只显示获得道具的结果,
/setting,バトル開始時の編成内容の表示,战斗开始时编队内容处的显示内容,
/setting,バトル前のパーティ選択画面に表示する情報を変更します,变更战斗前选择队伍画面处的情报内容,
/setting,アビリティ,技能,
/setting,加護効果,加护效果,
/setting,「アビリティ」設定の場合,设置为“技能”的时候,
/setting,「加護効果」設定の場合,设置为“加护效果”的时候,
/setting,敵が特殊な能力を持つ場合の警告表示,敌人有特殊能力时显示警告,
/setting,特定の属性ダメージへの耐性を持つ敵が登場するクエストに表示される、バトル開始時の警告表示の設定を変更できます,变更任务中有拥有特定属性伤害耐性的能力的敌人登场时，在战斗开始前显示的的警告的设置,
/setting,メインのみ,仅主要队员,
/setting,サブ含む,含后备队员,
/setting,編成の中で「メインメンバー」または「サブ含む全メンバー」に、不利になってしまう属性のキャラが含まれている場合に警告が表示されます,编队中“主要队员”或“含后备队员的全部队员”中如果包括属性不利的角色，则显示此警告,
/setting,クエストが未クリアの場合、設定内容にかかわらず表示されます,任务未完成的场合，无论设置内容为何都会显示,
/setting,天破の祈りの使用確認の表示,使用天破之祈时的确认选项,
/setting,「天破の祈り」を発動できるクエストにおいて、発動の確認を行うかどうかを設定します,对于可以发动[天破之祈]的任务，设定是否要显示确认发动选项框,
/setting,表示する場合、クエストに挑戦する度に「天破の祈り」を発動するかどうか任意で選ぶことができます,选择显示时，每次挑战任务都可以任意选择是否发动[天破之祈],
/setting,表示しない場合、「天破の祈り」は発動することはできません,选择不显示时，无法发动[天破之祈],
/setting,バトル前画面でのAUTO切り替え,战斗前画面中切换AUTO,
/setting,バトル前画面において、AUTO切り替えを使用するかどうか設定します,设置是否在战斗前画面使用AUTO战斗切换功能,
/setting,常にON,一直ON,
/setting,「ON」の場合、バトル前画面を1回タッチすると確認が表示され再度タッチするとオートアタックが有効になります,设置为“ON”时，在战斗前画面点击屏幕一次会显示确认是否需要AUTO战斗，再点击一次AUTO战斗功能启动,
/setting,「常にON」の場合、バトル前画面を1回タッチするとオートアタックが有効になります,设置为“一直ON”时，在战斗前画面点击屏幕一次AUTO战斗功能即可启动,
/setting,トライアルバトルの注意事項ウィンドウの表示,训练木桩的注意事项窗口是否显示,
/setting,トライアルバトル開始時の注意事項ウィンドウを表示します,训练木桩战斗开始时显示注意事项窗口,
/setting,チャット・スタンプ設定,聊天・表情设置,
/setting,チャットの表示,聊天图标显示,
/setting,「簡易」設定の場合、画面スクロール時にチャットウインドウが非表示になります,设置为“简易”的场合，滑动画面时聊天窗口会自动隐藏,
/setting,チャットボタン表示位置,聊天按钮位置,
/setting,騎空団チャット通知設定,骑空团聊天通知设置,
/setting,騎空団チャットに投稿があった際、マイページの新着通知に表示します,骑空团聊天版有新信息时，在首页显示通知,
/setting,アクティブ通知設定,主动通知设置,
/setting,騎空団チャット投稿をポップアップで通知します,用弹出窗口通知骑空团聊天版消息,
/setting,スタンプセット表示設定,表情组显示设置,
/setting,スタンプセットの表示方法を選択します,选择表情组的显示方法,
/setting,スタンプの表示順、絵柄を入れ替えることができます,可变更表情的显示顺序，表情图标,
/setting,所持スタンプ一覧,持有的表情一览,
/setting,（選択して入れ替え）,（选择替换）,
/setting,ページ,页,9
/setting,履歴なし,无最近使用,
/setting,スタンプの表示,显示表情,
/setting,マルチバトルにおける他プレイヤーのスタンプ表示の有無を設定します,设置多人战中是否显示其他玩家的表情,
/setting,スタンプを表示,显示表情,
/setting,ボイススタンプ設定,有声表情设置,
/setting,マルチバトルにおいて、ボイス対応スタンプを送信・または受信した際の音声再生の有無を設定します,设置多人战中自己发出或收到的有声表情是否播放声音,
/setting,音声を再生する,播放声音,
/setting,最近使ったスタンプが表示されます<br>この部分は編集できません,最近使用的表情显示于此<br>本部分无法编辑,2
/setting,最近使ったスタンプ,最近使用的表情,9
/setting,<%= stamp.priority %>番目に設定しているスタンプを変更します,更改第<%= stamp.priority %>个表情,
/setting,順番変更,交换位置,
/setting,絵柄入れ替え,更换表情,
/setting,スタンプセットを3ページにします,表情组限制为3页,
/setting,1ページ目に最近使ったスタンプを最大5個表示します,第一页上最多显示5个最近使用的表情,
/setting,スタンプセットを8ページにします,表情组限制为8页,
/setting,1ページ目に最近使ったスタンプを最大20個表示します,第一页上最多显示20个最近使用的表情,
/setting,スタンプセットを7ページにします,表情组限制为7页,
/setting,最近使ったスタンプは表示しません,不显示最近使用的表情,
/setting,バトル中のアクティブ通知,战斗中的主动通知,
/setting,バトル中に騎空団チャットのアクティブ通知を受け取ります,在战斗中接收骑空团的主动通知,
/setting,通知を受け取る,接收通知,
/setting,マイページ設定,主页设置,
/setting,ボタン設定,按钮设置,
/setting,マイページにおける「強化」「共闘」「マルチバトルリスト」ボタンの表示を切り替えます,切换主页上显示的“强化”“共斗”和“多人战列表”按钮,
/setting/content/index/mypage,マイページにおける「目標設定」「スカイスコープ」の表示を切り替えます,切换主页上显示的“目标设定”和“任务”按钮,
/setting/content/index/mypage,両方显示,两个都显示,
/setting/content/index/mypage,スカイスコープのみ表示,仅显示任务,
/setting/content/index/mypage,両方表示しない,两个都不显示,
/setting/content/index/mypage,マイページにおける「マイページ表示キャラ設定ボタン」の表示を切り替えます,切换主页上显示的“mypage显示角色设定”按钮,
/setting,マイページのBGM設定,主页BGM设置,
/setting,マイページに表示しているキャラクターやスキンに専用のBGMが設定されている場合、専用BGMを再生するかどうか設定します,设置主页上显示的角色或皮肤带有专用BGM的场合是否播放专用BGM,
/setting,専用BGMを再生,播放专用BGM,
/setting,マイページバナー表示設定,主页横幅显示设置,
/setting,「アーカルムの転世」のバナーをマイページに表示します,在主页上显示“阿卡姆的转世”的横幅,
/setting,「遊び方ガイド」のバナーをマイページに表示します,在主页上显示“游戏方法导航”的横幅,
/setting,「カジノ」のバナーをマイページに表示します,在主页上显示“赌场”横幅,
/setting,PCブラウザ版設定,PC浏览器版设定,3
/setting,フッター表示,显示底边栏,
/setting,非アクティブ時のサウンド再生,非活动窗口时播放音乐,
/setting,ゲームウィンドウが非アクティブな状態でもサウンドを再生したままにするかどうか設定します,设定是否在游戏窗口处于非活动状态时继续播放音乐,
/setting,サイドメニュー表示,侧边栏显示,
/setting,左端のサイドメニューを展開した際に、ゲーム画面に重ねて表示するか、ゲーム画面をスライドさせて表示させるかを設定します,设定展开左侧的侧边栏面板时的形式。覆盖游戏画面或者游戏画面整体右移。,
/setting,重ねて表示,覆盖游戏,
/setting,スライド,整体右移,
/setting,画面サイズ,画面尺寸,2
/setting,自動調整,自动调整,
/party,ジョブチェンジへ,切换职业,
/party,おまかせ装備,自动装备,3
/party,編成<br>切り替え,队伍<br>切换,
/present,未受取のプレゼント,未领取的礼物,2
/present,プレゼントがありません,没有可领取的礼物,2
/present,プレゼント整頓設定,礼物的整理,
/present,プレゼントを受け取りました,收到礼物啦,
/present,受け取りに失敗しました,领取物品失败,
/present,もう一度やり直してください,请再试一次,
/present,以下のプレゼントを<br>まとめて受け取りますか,确定要领取以下全部礼物吗,
/present,ガチャ,抽卡,9
/present,ショップ,商店,6
/present,ラッキーガチャ,幸运抽卡,2
/present,フレンド,好友,
/quest/content/supporter,好きな召喚石を選んでくれ！<br>加護効果でバトルが楽になるぜ,选择你喜欢的召唤石！<br>加护效果会让战斗变得容易,
/quest/content/supporter,サポーター召喚石選択,选择支援召唤石,
/quest/content/supporter,フリー,其他,
/quest/content/supporter,設定されていません,没有设定,3
/quest/content/supporter,サポーター召喚石は使用できません,支援召唤石无法使用,
/quest/content/supporter,このパーティでクエストに挑戦します,准备使用当前队伍开始任务,2
/quest/content/supporter,エリクシール使用制限なし,复活药水可以无限使用,
/quest/content/supporter,装備中の武器のスキル、召喚石の加護効果が<br>適用されない特殊制限バトルになります,装备中的武器的技能、召唤石的加护效果<br>不适用于有特殊限制的战斗,
/quest/content/supporter,このバトルで出現する敵は「無属性」です,这场战斗的敌人为“无属性”,
/quest/content/supporter,特別なメンバーでクエストを開始します,与特殊队员一起进行任务,
/quest/content/supporter,アビリティの内容などが通常と異なります,技能与平时的不同,
/quest/content/supporter,バトルのないクエストのため<br>パーティを編成する必要はありません,这是没有战斗的任务<br>无需选择队伍,
/quest/content/supporter,召喚石を使用できないバトルです,这是无法使用召唤石的战斗,
/quest/content/supporter,通常と同じく加護効果は得られます,可以获得平时一样的加护效果,
/quest/content/supporter,おまかせ編成,自动组队,
/quest/content/newindex,挑戦する,挑战,12
/quest/content/newindex,マルチバトル 90分制限,多人战 限制90分钟,6
/quest/content/newindex,残り挑戦回数,剩余挑战次数,12
/quest/content/newindex,※いずれかの難度のクエストを開始すると、その日の<br>うちにもう片方の難度に挑戦することは出来ません,※选择任一难度的任务开始挑战后，当天内无法挑战另一难度的任务。,6
/comic/content/episode,ぐらぶるっ!TOPに戻る,返回四格漫画首页,
/comic,第1話から読む,从头第1话开始看,
/archive/content/story,イベントストーリー,活动剧情,
/archive/content/story,アナザーストーリー,其他剧情,
/archive/content/chapter,ストーリー,故事,
/archive/content/chapter,登場人物,登场人物,
/archive/content/chapter,ストーリーはありません,还没有故事,
/archive/content/chapter,クエストを進める,前往任务,
/archive/content/chapter,シナリオリストに戻る,返回剧情列表,
/archive/content/chapter,ルリアノートTOPに戻る,返回露莉亚日记,
/tutorial,性別選択,选择性别,
/tutorial,主人公の性別を選択してください<br><br>性別はチュートリアル終了後、<br>いつでも変更することができます,请选择主角的性别<br><br>可以在教程完成后随时更改,
/tutorial,選択した内容で始める,使用选中的内容开始,
/deal/content/index,他の団員が選択中です（あと,等待其他团员选择（还有,
/deal/content/index,の報酬となります,的额外报酬,
/deal/content/index,ディールが完了しました,DEAL已结束,
/deal/content/index,ディールする報酬を選択してください,请选择想要对其进行ROLL点的道具,
/deal/content/index,最も大きな数値を出した者が獲得権を得ます,掷出最大数值的玩家将获得道具,
/deal/content/index,また、ディールできるアイテムは1つのみとなります,另外，只能选择1个道具进行ROLL点,
/deal/content/index,パスする,放弃,
/deal/content/index,ルームへ,回到房间,
/deal/content/index,クエストリストへ,回任务列表,
/deal/content/index,<%= log[i].nickname %>が<%= log[i].item_name %>を獲得する権利を得た,<%= log[i].nickname %>获得了<%= log[i].item_name %>,
/deal/content/index,<%= log[i].nickname %>が<%= log[i].item_name %>にディール,<%= log[i].nickname %>对<%= log[i].item_name %>进行ROLL点,
/deal/content/index,→<%= log[i].result_number %>を出した,→掷出了<%= log[i].result_number %>,
/deal/content/index,がパスした,选择了放弃,
/deal/content/index,パスするとディール対象のアイテムは<br>獲得できません。ディール済みでも<br>キャンセルとなり獲得できません,选择放弃后将无法获得道具。<br>已经ROLL出的点数也会取消,
/quest/content/_select/210053,王族にのみ伝わる地下道。最奥には繁栄を司る星の獣が眠る。,仅王族知晓的地道。司掌繁荣的星之兽沉睡在最深处。,
/shop/skin/content/list,※「スキン」は「キャラクター」とは異なります。,※[皮肤]与[角色]不同。,
/shop/skin/content/list,スキンを購入しても、新たなキャラクターは仲間になりませんのでご注意ください,即使购入皮肤，也不会有新角色加入，请注意,
/shop/skin/content/list,※仲間になっていないキャラクターのスキンは、仲間になった後、使用できます,※还没有成为伙伴的角色的皮肤在其加入后才可以使用。,
/arcarum/content/index,ポイント交換,点数交换,
/arcarum/content/index,必要アーカルムポイント,需要的转世点数,40
/coopraid/content/index,注意事項,注意事项,
/coopraid/content/index,・同時に複数のルームに参加することはできません。,・无法同时加入复数房间。,
/coopraid/content/index,・共闘クエストのバトルはアサルトタイムの影響を受けません。,・共斗任务的战斗不受AT时间的影响。,
/coopraid/content/index,・未確認のバトル結果の確認期限は、バトル終了から1週間経過後の最初の土曜日までです。,・未确认的战斗结果的确认期限为，至战斗结束后一周以后最初的周六为止。,
/coopraid/content/index,・期限を過ぎると、確認及び報酬の受け取りができなくなりますのでご注意ください。,・请注意，过了期限以后无法确认情况及领取报酬。,
/coopraid/content/index,・ルームにおけるサポーター選択は、サポート報酬のプレゼント対象となりません。,・房间内选择的友召不计入友召报酬的礼物对象的计算。,
/coopraid/content/room_entry,仲間を集める,募集队友,
/coopraid/content/room_entry,共闘クエストで募集する仲間の条件と、,请输入想在共斗任务中募集的队友的条件，,
/coopraid/content/room_entry,コメント（24文字以内）を入力してください。,以及说明（24字以内）。,
/coopraid/content/room_entry,制限なし,无限制,
/coopraid/content/room_entry,募集対象・目的,募集对象·目的,
/coopraid/content/room_entry,誰でもOK,谁都可以,
/coopraid/content/room_entry,デイリーミッション,日常任务,
/coopraid/content/room_entry,パンデモニウム,伏魔殿,
/coopraid/content/room_entry,ドロップ狙い,目标掉落物,
/coopraid/content/room_entry,フレンド限定,好友限定,
/coopraid/content/room_entry,騎空団員限定,骑空团员限定,
/coopraid/content/room_entry,※フレンド/騎空団員限定以外の募集は、,※好友/骑空团员限定以外的条件的募集,
/coopraid/content/room_entry,誰でも参加可能です。,谁都可以参加。,
/coopraid/content/room_entry,コメント,说明,
/coopraid/content/room_entry,24文字以内で入力してください。,请输入24字以内的说明文,
/coopraid/content/room_entry,募集の投稿・掲載,募集投稿·揭载,
/coopraid/content/room_entry,入力した内容で共闘クエストの仲間を募集します。,用输入的内容募集共斗任务的队友。,
/gacha/content/index,出現装備紹介,出现装备介绍,
/gacha/content/index,キャラ解放武器紹介,角色解放武器介绍,
/gacha/content/index,※キャラ解放武器は他にもあります。,※还有其他角色解放武器,
/gacha/content/index,ガチャ出現装備一覧,卡池中出现的装备一览,
/gacha/content/index,蒼光の御印,苍光的御印,
/gacha/content/index,・サーバーとのレスポンス状況や通信状況によっては、ガチャ演出がスキップされたり、ガチャ演出の一部が正常ではない状態で表示されることがありますが、武器や召喚石の追加は正常に完了しております。プレゼントリストをご確認ください。,・根据服务器的应答状况及通信状况，有时候会出现抽卡演出被跳过，或是演出画面不正常的情况。此时武器及召唤石已被正常追加，请确认礼物列表。,
/gacha/content/index,・演出がスキップされた場合でもキャラ解放武器を入手していた場合、キャラを獲得しておりますので、編成をご確認ください。,・获得角色解放武器时，即使演出跳过，角色也已经获得，请确认编成。,
/gacha/content/index,・同じキャラ解放武器を複数入手しても、同じキャラを重複して獲得することはできません。,・即使获得复数同样角色的解放武器，也无法重复获得同样的角色。,
/gacha/content/index,・同じキャラ解放武器を複数入手した場合、入手した武器のレアリティに応じた【ムーン】を獲得します。,・获得复数同样角色的解放武器时，根据获得的武器的稀有度可获得对应的[月亮]。,
/gacha/content/index,・【ムーン】に関しては下部のHELPボタンよりご確認ください。,・关于[月亮]，请按下部的HELP按钮确认详情。,
/gacha/content/index,・【蒼光の御印】によって獲得できる装備は、レベル、スキルレベルともに1となります。また、ボーナス(+1)はつきません。,・通过[苍光的御印]获得的装备，等级及技能皆为1级，且没有（+1）。,
/gacha/content/index,・同じ名前を持つキャラは、同一パーティ内に編成することができませんのでご注意ください。,・请注意，同名角色无法编在一队里。,
/gacha/content/index,・武器や召喚石は重複して同一のものが出現する場合があります。,・武器及召唤石可能会重复出现同样的东西。,
/gacha/content/index,・武器や召喚石の出現率はガチャの種類によって異なります。,・武器及召唤石的出现率根据卡池种类不同。,
/gacha/content/index,・装備品ごとに個別に表示している提供割合は表示上小数第4位にて切り捨てしているため、全て合算しても100%にならない場合があります。,・每个装备品上显示的提供比例四舍五入到小数点后3位，所以所有装备品合计可能不满100%,
/gacha/content/index,・ガチャは1回ごとに提供割合に基いて抽選を行います。そのため提供割合1%の装備品が100回中1回、必ず出現するという仕組みではありません。,・卡池每次抽卡都会根据提供比例进行抽选。因此并不意味着，提供比例为1%的装备品100次中必定会抽中1次。,
/gacha/content/index,・表記内容や施策について、今後追加や変更になる場合があります。,・表记内容及措施今后可能会有追加及变更。,
/gacha/content/index,・言語設定「English」では、一部誤った英語、または日本語で表示される場合があります。正しい表記については、言語設定を日本語にしてご確認ください。,・语言设定为[English]时，可能会有部分英语表达错误，或是用日语表示。正确的表记内容请将语言设定改为日语后确认。,
/gacha/content/index,・レジェンドガチャチケットを1度に10枚消費しても、Sレア以上1回確定はありません。,・单抽券即使1次消费10张，也没有sr保底。,
/gacha/content/ceiling,【蒼光の御印】を300個使用して、,可使用300个[苍光的御印],
/gacha/content/ceiling,対象の装備品の中からお好きなものを1つ獲得できます。,从对象装备品中任选一个获取。,
/gacha/content/ceiling,【蒼光の御印】によって獲得する装備はレベル、スキルレベル,通过[苍光的御印]获得的装备等级及其技能等级,
/gacha/content/ceiling,ともに1となります。また、ボーナス(+1)はつきません。,皆为1级，且没有（+1）。,
/quest/content/unclaimed_reward,未確認バトル,未确认的战斗,
/quest/content/unclaimed_reward,未確認バトルの確認期限は、バトル終了から1週間経過後の最初の土曜日までとなります。,未结算的战斗截止日期为战斗结束一周后的第一个星期六。,
/quest/content/unclaimed_reward,期限を過ぎると、確認及び報酬の受け取りができなくなりますのでご注意ください。,请注意，截止日期后您将无法结算战斗和获取奖励。,
/quest/content/unclaimed_reward,未確認バトルが5件以上残っている場合、クエストの開始・マルチバトルへの参加ができなくなります。,如果积累了5场或更多未结算的战斗，你将无法发起任务或参加多人战。,
/quest/content/battle_history,バトル履歴一覧,战斗履历一览,
/quest/content/battle_history,未確認バトルの確認期限は、バトル終了から1週間経過後の最初の土曜日までとなります。,未结算的战斗截止日期为战斗结束一周后的第一个星期六。,
/quest/content/battle_history,期限を過ぎると、確認及び報酬の受け取りができなくなりますのでご注意ください。,请注意，截止日期后您将无法结算战斗和获取奖励。,
/quest/content/battle_history,未確認バトルが5件以上残っている場合、クエストの開始・マルチバトルへの参加ができなくなります。,如果积累了5场或更多未结算的战斗，你将无法发起任务或参加多人战。,
/play_list,<%= n.episode_name %>を再生,阅读 <%= n.episode_name %>,
/listall/content,リサイクル状況,回收状况,10
/listall/content,精錬完了まで,距精炼完毕还有,10
/listall/content,キャラ数,角色数,7
/enhancement_weapon/content,素材を選択してください（最大20個）,请选择素材（最大20个）,
/enhancement_weapon/content,素材にできる武器がありません,没有可作为素材的武器,
/enhancement_weapon/content,ベース武器を選択してください,请选择基础武器,
/enhancement_weapon/content,ベースにできる武器がありません,没有可作为基础的武器,
/enhancement_weapon/content/material,素材武器を選択してください,请选择素材武器,5
/enhancement_weapon/content,育成アイテムを使用できます,可使用育成道具,
/party/content/set_poses,スキン・POSE切り替え,皮肤·POSE切换,
/party/content/set_poses,スキンを選択してください,请选择皮肤,
/party/content/set_poses,推しキャラTwitter投稿画像,喜爱角色Twitter投稿画像,
/party/content/set_poses,推しキャラTwitter投稿で使用する<br>POSEを設定できます。,可设定喜爱角色Twitter投稿中使用的POSE,
/archive/content,ルリアノートTOPに戻る,回到露莉亚日记TOP,5
/archive/content/story,メインシナリオTOPに戻る,回到主线剧情TOP,
/enhancement_npc/content/base,ベースキャラを選択してください,请选择基础角色,
/enhancement_npc/content/base,ベースにできるキャラがいません,没有可作为基础的角色,
/enhancement_npc/content/base,キャラ数,角色数,
/enhancement_npc/content/list_direct,素材を選択してください（最大20個）,请选择素材（最大20个),
/enhancement_npc/content/list_direct,素材にできる武器がありません,没有可作为素材的武器,
/enhancement_npc/content/list_direct,プレゼント,礼物,
/enhancement_npc/content/list_direct,クエスト,任务,
/enhancement_npc/content/list_direct,ガチャ,卡池,
/enhancement_npc/content/list_direct,キャラ強化TOPに戻る,回到角色强化TOP页面,
/enhancement_summon/content/base,ベース召喚石を選択してください,请选择基础召唤石,
/enhancement_summon/content/base,ベースにできる召喚石がありません,没有可作为基础的召唤石,
/enhancement_summon/content/list_direct,素材を選択してください（最大20個）,请选择素材（最大20个),
/enhancement_summon/content/list_direct,素材にできる召喚石がありません,没有可作为素材的召唤石,
/enhancement_summon/content/list_direct,プレゼント,礼物,
/enhancement_summon/content/list_direct,クエスト,任务,
/enhancement_summon/content/list_direct,ガチャ,卡池,
/enhancement_summon/content/list_direct,育成アイテムを使用できます,可使用育成道具,
/enhancement_summon/content/list_direct,召喚石強化TOPに戻る,回到召唤石强化TOP页面,
/evolution_npc/content/base,ベースキャラを選択してください,请选择基础角色,
/evolution_npc/content/base,ベースにできるキャラがいません,没有可作为基础的角色,
/evolution_npc/content/confirm,合成費用,合成费用,2
/evolution_npc/content/confirm,ルピ,卢比,4
/evolution_npc/content/confirm,所持ルピ,持有卢比,2
/evolution_npc/content/confirm,育成アイテムが使用できます。,可使用育成道具,
/evolution_npc/content/confirm,キャラ上限解放TOPに戻る,回到角色上限解放TOP页面,
/evolution_weapon/content/base,ベース武器を選択してください,请选择基础武器,
/evolution_weapon/content/base,ベースにできる武器がありません,没有可作为基础的武器,
/evolution_weapon/content/confirm,合成費用,合成费用,2
/evolution_weapon/content/confirm,ルピ,卢比,4
/evolution_weapon/content/confirm,所持ルピ,持有卢比,2
/evolution_weapon/content/confirm,育成アイテムが使用できます。,可使用育成道具,
/evolution_weapon/content/confirm,プレゼント,礼物,
/evolution_weapon/content/confirm,クエスト,任务,
/evolution_weapon/content/confirm,ガチャ,卡池,
/evolution_weapon/content/confirm,武器上限解放TOPに戻る,回到武器上限解放TOP页面,
/evolution_summon/content/base,ベース召喚石を選択してください,请选择基础召唤石,
/evolution_summon/content/base,ベースにできる召喚石がありません,没有可作为基础的召唤石,
/evolution_summon/content/material,プレゼント,礼物,
/evolution_summon/content/material,クエスト,任务,
/evolution_summon/content/material,ガチャ,卡池,
/evolution_summon/content/material,育成アイテムが使用できます。,可使用育成道具,
/evolution_summon/content/material,召喚石上限解放TOPに戻る,回到召唤石上限解放TOP页面,
/quest/content/,次の条件を満たすことで<br>フェイトエピソードが解放されます。,满足下记条件后<br>可解放剧情。,
/archive/content/detail,このエピソードは以下のキャラや<br>スキンの有無でシナリオが変化します。,这个剧情的剧本会根据以下角色<br>和皮肤的有无发生变化。,
/archive/content/detail,加入済のキャラや所持しているスキンの場合、<br>シナリオパターンを選択することができます。,在角色已加入和已拥有皮肤时，<br>可以选择不同剧本。,
/autorecyclinglist/content/index,,,
/autorecyclinglist/content/index,獲得時に自動でリサイクルされる武器の一覧です,设定了获得时自动回收的武器一览,
/autorecyclinglist/content/index,自動リサイクルする武器がありません,没有设定好自动回收的武器,
/archive,自動リサイクルする,自动回收,20
/archive,リサイクル使用確認,确认使用自动回收,5
/archive,SSレア,SSR,
/archive,の武器が選択されています！,武器选择中,
/archive,以下の武器を自動リサイクルします。,自动回收以下武器,
/archive,よろしいですか？,可以吗？,
/mypage_character/content/index,ランダム表示設定,随机显示设定,
/mypage_character/content/index,ランダム表示,随机显示,
/mypage_character/content/index,マイページに移動するたびに、設定されたキャラクター・召喚石をランダムで表示します,每次移动到mypage时，随机显示设定好的角色·召唤石,
